Waktu,PM10,PM25,SO2,CO,O3,NO2,HC,Kelembaban,Suhu
2022-08-01,55,49,41,39,50,18,15,69,27
2022-08-02,69,62,9,17,67,20,5,70,28
2022-08-03,88,81,15,51,34,4,23,77,27
2022-08-04,52,48,21,32,24,48,12,82,26
2022-08-05,37,33,4,80,7,9,24,76,27
2022-08-06,42,38,35,760,32,35,180,77,26
2022-08-07,25,23,21,52,3,6,17,75,26
2022-08-08,24,20,30,18,63,32,10,70,27
2022-08-09,40,35,18,59,25,51,22,72,27
2022-08-10,45,41,43,21,47,178,10,76,26
2022-08-11,37,34,27,62,63,36,7,80,26
2022-08-12,28,25,18,37,18,47,21,83,26
2022-08-13,24,22,5,47,6,9,9,81,25
2022-08-14,21,19,16,50,14,26,14,77,26
2022-08-15,20,18,15,60,49,17,7,78,26
2022-08-16,45,40,19,44,21,42,8,85,25
2022-08-17,33,30,41,29,12,324,21,78,27
2022-08-18,22,18,19,5,5,21,10,67,27
2022-08-19,28,24,15,20,24,20,8,68,28
2022-08-20,26,23,2,16,18,25,5,69,28
2022-08-21,24,21,5,94,31,129,22,76,26
2022-08-22,48,44,22,226,55,204,54,85,25
2022-08-23,62,57,22,272,39,4,37,77,27
2022-08-24,50,45,17,92,6,2,20,76,27
2022-08-25,40,35,25,429,2,50,13,72,27
2022-08-26,56,51,44,461,15,41,11,76,26
2022-08-27,44,40,24,355,4,92,8,81,26
2022-08-28,28,25,17,225,5,76,13,83,25
2022-08-29,29,26,47,579,18,37,5,80,25
2022-08-30,44,41,40,771,4,30,15,77,26
2022-08-31,71,63,14,386,19,29,5,73,27
2022-09-01,67,61,19,596,2,10,8,74,27
2022-09-02,42,38,26,829,17,22,23,75,27
2022-09-03,29,24,57,1618,77,89,76,78,26
2022-09-04,16,15,23,860,131,154,39,77,26
2022-09-05,48,43,46,1268,35,65,26,76,27
2022-09-06,35,31,28,1294,37,30,45,78,27
2022-09-07,42,39,40,1353,40,36,24,85,26
2022-09-08,36,33,42,1401,25,40,24,89,24
2022-09-09,43,37,39,1310,47,51,53,85,24
2022-09-10,28,25,39,1329,52,57,66,87,25
2022-09-11,19,17,37,1255,54,52,60,81,26
2022-09-12,18,16,38,1313,46,40,59,83,26
2022-09-13,24,22,34,1226,42,45,48,78,26
2022-09-14,42,37,33,1286,19,31,17,69,27
2022-09-15,40,37,31,1274,18,30,17,73,27
2022-09-16,28,25,33,1232,19,31,18,81,25
2022-09-17,27,24,33,1268,19,30,18,79,26
2022-09-18,36,33,32,1272,18,31,16,74,27
2022-09-19,27,24,32,1258,18,30,17,73,27
2022-09-20,25,22,33,1224,19,29,19,76,26
2022-09-21,25,22,25,1364,16,28,9,77,27
2022-09-22,26,23,22,1279,15,31,11,79,26
2022-09-23,31,27,22,1289,13,30,7,76,27
2022-09-28,37,34,22,542,4,40,68,85,25
2022-09-29,33,29,22,528,4,34,17,71,28
2022-09-30,27,23,22,473,4,32,17,68,28
2022-10-01,25,22,23,537,4,29,17,78,26
2022-10-02,18,16,29,685,4,25,13,84,25
2022-10-03,21,18,57,855,4,16,6,79,26
2022-10-04,19,17,53,805,4,14,8,85,25
2022-10-05,19,17,54,806,4,14,9,81,26
2022-10-06,23,20,53,677,16,14,10,81,26
2022-10-07,15,14,41,526,22,14,14,88,24
2022-10-08,11,10,37,506,23,14,13,80,25
2022-10-09,14,12,46,582,23,15,11,80,26
2022-10-10,32,29,51,654,23,15,12,79,26
2022-10-11,18,16,47,548,23,15,13,82,25
2022-10-12,21,19,38,554,22,15,14,85,25
2022-10-13,18,16,38,511,23,15,15,85,25
2022-10-14,12,11,44,520,22,15,14,80,26
2022-10-15,11,10,42,471,23,14,14,79,26
2022-10-16,31,29,34,577,24,15,13,78,27
2022-10-17,31,28,36,589,24,16,13,78,27
2022-10-18,25,22,30,547,24,14,15,88,25
2022-10-19,26,23,26,586,24,15,16,89,25
2022-10-20,29,26,25,564,23,15,16,89,25
2022-10-21,17,14,25,479,23,15,16,83,25
2022-10-22,17,15,33,549,24,16,13,78,27
2022-10-23,12,10,34,510,24,16,14,80,27
2022-10-24,9,8,27,455,24,17,16,79,26
2022-10-25,8,6,25,496,24,16,15,80,26
2022-10-26,9,7,25,523,24,16,15,79,26
2022-10-27,12,10,26,494,24,15,15,71,27
2022-10-28,11,8,30,505,25,16,14,63,28
2022-10-29,8,7,31,505,25,17,14,65,28
2022-10-30,12,11,33,590,26,17,13,63,28
2022-10-31,20,17,34,639,26,17,13,70,28
2022-11-01,24,22,35,663,26,17,13,73,27
2022-11-02,22,19,34,669,26,17,13,75,27
2022-11-03,24,21,29,746,25,17,14,85,25
2022-11-04,20,17,19,552,25,17,16,80,26
2022-11-05,16,14,15,539,23,17,17,84,25
2022-11-06,21,19,16,563,23,15,16,77,27
2022-11-07,32,30,15,559,22,14,17,83,26
2022-11-08,28,25,15,750,22,15,16,83,25
2022-11-09,18,16,15,604,21,15,18,83,25
2022-11-10,12,10,18,537,20,13,20,83,25
2022-11-11,7,6,19,435,20,13,20,79,26
2022-11-12,13,12,17,536,20,13,20,85,25
2022-11-13,19,17,16,624,20,13,19,84,25
2022-11-14,30,27,21,780,101,65,18,80,27
2022-11-15,21,19,22,694,117,63,19,79,26
2022-11-16,27,24,21,716,117,63,19,76,27
2022-11-17,20,18,24,643,128,67,20,84,25
2022-11-18,9,8,23,586,122,64,20,78,26
2022-11-19,13,11,22,605,121,61,19,75,26
2022-11-20,7,6,23,527,120,58,20,70,27
2022-11-21,12,11,24,525,123,59,20,74,26
2022-11-22,9,8,23,514,119,59,20,72,27
2022-11-23,9,9,24,509,122,60,20,74,27
2022-11-24,8,7,25,502,129,64,20,81,25
2022-11-25,32,28,23,610,130,60,20,78,26
2022-11-26,29,27,24,589,128,59,20,76,27
2022-11-27,83,34,23,646,125,62,19,74,27
2022-11-28,22,33,25,567,127,59,20,80,26
2022-11-29,26,17,24,569,125,59,20,73,27
2022-11-30,20,18,25,556,130,61,20,78,26
2022-12-01,18,21,24,572,128,62,20,78,26
2022-12-02,31,28,24,583,127,62,20,80,26
2022-12-03,18,16,24,554,128,58,20,76,26
2022-12-04,22,15,23,602,131,63,20,83,25
2022-12-05,16,14,24,553,131,62,20,83,25
2022-12-06,61,26,23,585,132,65,20,85,25
2022-12-07,31,27,23,569,131,66,20,86,25
2022-12-08,26,24,24,580,132,70,20,87,25
2022-12-09,20,18,23,594,134,68,20,86,24
2022-12-10,81,38,24,537,132,65,20,71,27
2022-12-11,24,25,23,522,130,67,20,72,27
2022-12-12,25,23,23,564,133,67,20,81,25
2022-12-13,34,32,24,541,134,69,20,82,25
2022-12-14,39,36,23,529,131,69,20,74,27
2022-12-15,46,36,23,550,127,68,20,69,28
2022-12-16,57,53,29,608,100,105,20,73,27
2022-12-17,66,61,32,631,89,124,20,75,27
2022-12-18,23,20,33,658,88,122,20,80,26
2022-12-19,36,33,33,627,87,121,20,76,27
2022-12-20,45,41,32,587,86,106,20,76,27
2022-12-21,24,21,34,563,88,119,20,82,26
2022-12-22,24,21,35,467,91,122,21,75,26
2022-12-23,24,21,35,491,92,120,21,81,25
2022-12-24,30,27,35,506,91,113,21,76,26
2022-12-25,12,10,36,477,92,114,21,87,24
2022-12-26,11,10,35,531,93,120,21,90,24
2022-12-27,12,10,35,519,80,100,20,84,24
2022-12-28,11,10,36,490,47,41,21,88,23
2022-12-29,7,6,36,501,47,41,21,90,24
2022-12-30,17,15,36,549,46,42,21,90,24
2022-12-31,19,17,35,562,47,41,21,89,24
2023-01-01,8,7,37,437,46,40,21,81,25
2023-01-02,9,8,36,447,45,42,21,83,25
2023-01-03,7,7,37,434,46,42,21,85,24
2023-01-04,13,12,36,456,45,41,21,79,25
2023-01-05,20,17,35,487,44,40,21,76,26
2023-01-06,8,7,35,461,42,39,20,66,28
2023-01-07,8,7,34,463,42,39,20,69,28
2023-01-08,13,12,35,520,44,41,20,80,25
2023-01-09,15,13,33,528,41,36,20,73,27
2023-01-10,14,13,35,503,41,34,20,72,28
2023-01-11,17,15,35,489,43,36,20,66,28
2023-01-12,33,30,33,551,42,35,20,67,28
2023-01-13,22,20,34,530,44,36,21,76,26
2023-01-14,17,16,34,505,45,36,21,69,28
2023-01-15,19,16,34,494,44,40,21,71,28
2023-01-16,18,14,34,472,44,36,21,73,27
2023-01-17,30,27,35,491,46,37,21,81,25
2023-01-18,44,39,32,1108,37,39,18,82,25
2023-01-19,45,41,21,1615,28,40,15,81,25
2023-01-20,23,21,16,1332,24,34,17,79,25
2023-01-21,15,13,15,1234,17,26,17,75,26
2023-01-22,12,11,15,1256,16,23,17,77,26
2023-01-23,10,9,17,1251,15,24,17,82,25
2023-01-24,19,16,15,1262,15,22,17,79,26
2023-01-25,9,8,18,1335,17,24,15,88,23
2023-01-26,20,18,18,1393,16,21,16,73,26
2023-01-27,46,42,20,1604,19,21,14,80,26
2023-01-28,26,24,31,2098,20,21,12,91,24
2023-01-29,24,22,26,1739,17,20,13,85,25
2023-01-30,44,37,21,1589,16,21,14,80,26
2023-01-31,36,30,17,1199,14,19,16,80,26
2023-02-01,32,30,15,1109,14,19,16,80,26
2023-02-02,39,35,15,1028,13,19,16,81,26
2023-02-03,26,24,15,880,13,19,17,76,26
2023-02-04,19,17,15,654,13,20,18,65,27
2023-02-05,22,20,15,957,14,20,17,60,28
2023-02-06,17,15,15,766,14,20,18,68,27
2023-02-07,22,21,15,628,14,20,18,72,27
2023-02-08,34,32,15,760,13,19,17,76,26
2023-02-09,14,12,16,669,13,20,18,74,26
2023-02-10,11,9,17,728,14,20,18,75,26
2023-02-11,20,18,16,1023,14,19,17,82,26
2023-02-12,4,3,17,751,13,19,18,92,23
2023-02-13,18,15,17,1014,13,19,18,81,25
2023-02-14,9,9,15,683,15,20,19,81,25
2023-02-15,27,24,1,760,18,25,32,78,26
2023-02-16,9,7,22,984,16,26,49,84,25
2023-02-17,16,13,9,1002,16,32,61,87,24
2023-02-18,10,8,1,1114,25,25,49,95,22
2023-02-20,16,13,2,729,25,50,46,73,28
2023-02-21,12,10,5,773,23,31,51,79,26
2023-02-22,15,13,12,1006,21,45,50,91,24
2023-02-23,19,16,12,1033,19,58,57,89,25
2023-02-24,24,21,12,981,17,81,62,89,25
2023-02-25,20,17,6,854,15,81,51,88,25
2023-02-26,18,16,8,851,13,68,47,89,24
2023-02-27,16,13,2,594,11,52,31,88,25
2023-02-28,9,7,36,1088,11,22,42,78,26
2023-03-01,9,7,45,1130,11,11,53,83,25
2023-03-02,7,6,63,1226,34,36,71,91,23
2023-03-03,13,10,61,1273,48,61,53,74,26
2023-03-04,10,8,59,1207,42,61,40,84,25
2023-03-05,10,8,52,1146,43,61,48,80,26
2023-03-06,12,9,39,815,45,60,35,70,27
2023-03-07,27,24,49,1146,57,60,57,74,26
2023-03-08,54,39,21,220,136,81,6,76,26
2023-03-09,23,20,19,417,118,143,4,77,26
2023-03-14,38,35,42,1254,65,56,69,78,27
2023-03-15,45,41,61,1618,74,36,89,90,24
2023-03-16,43,39,69,1529,69,40,80,78,26
2023-03-17,53,48,101,2163,86,36,70,94,23
2023-03-20,22,20,3,828,25,43,62,90,24
2023-03-21,26,23,8,567,50,36,47,77,27
2023-03-22,28,25,15,539,86,7,53,82,27
2023-03-23,32,29,19,565,83,5,50,82,28
2023-03-24,40,37,26,804,78,7,43,86,26
2023-03-25,31,28,31,850,53,7,52,89,25
2023-03-26,25,22,21,481,36,5,45,85,26
2023-03-27,14,12,17,598,40,4,36,82,26
2023-03-28,36,32,20,831,52,4,50,81,27
2023-03-29,49,44,24,929,49,6,55,82,26
2023-03-30,20,18,21,633,31,5,41,77,27
2023-03-31,12,10,22,474,29,13,29,76,27
2023-04-01,12,10,44,853,26,25,60,81,26
2023-04-02,29,26,56,1220,27,23,62,77,27
2023-04-03,19,17,48,1037,24,25,50,73,28
2023-04-04,11,9,35,700,26,22,47,69,28
2023-04-05,17,15,63,1102,39,15,60,62,25
2023-04-06,16,14,84,2474,47,4,53,66,28
2023-04-07,20,18,85,2351,62,5,49,68,28
2023-04-08,17,15,103,2400,53,6,49,74,27
2023-04-09,12,11,98,2294,46,5,51,72,28
2023-04-10,10,8,99,2262,47,5,55,75,27
2023-04-11,26,25,98,2310,44,4,45,75,27
2023-04-12,12,11,99,2250,46,3,51,78,27
2023-04-13,15,14,92,2333,58,4,49,75,27
2023-04-14,12,11,89,2319,61,5,67,78,26
2023-04-15,15,13,92,2351,59,5,52,73,28
2023-04-17,12,11,78,2270,77,7,57,62,31
2023-04-18,23,21,113,2495,82,7,93,74,28
2023-04-19,28,26,130,2689,95,7,93,81,27
2023-04-20,34,31,148,2853,89,8,92,83,27
2023-04-21,30,28,124,2819,105,8,92,84,26
2023-04-22,26,24,121,2695,91,8,79,77,28
2023-04-23,19,18,120,2636,95,8,81,82,26
2023-04-24,17,15,100,2578,98,8,68,80,26
2023-04-25,24,22,112,2948,87,8,83,85,26
2023-04-26,31,29,134,3005,88,7,92,83,26
2023-04-27,32,30,115,2646,94,8,77,78,27
2023-04-28,34,32,120,2773,95,7,21,80,27
2023-04-29,32,30,84,2663,96,8,8,78,27
2023-04-30,56,52,109,2981,121,9,45,79,28
2023-05-01,46,43,91,2772,106,9,20,82,27
2023-05-04,23,22,9,2410,83,38,24,81,28
2023-05-05,25,23,64,2900,77,35,25,86,27
2023-05-06,24,21,58,2615,84,35,10,80,27
2023-05-07,25,22,44,2606,82,33,12,86,26
2023-05-08,17,16,35,2484,91,33,14,85,26
2023-05-09,32,29,27,2446,93,34,6,76,28
2023-05-10,59,54,46,2614,92,34,16,76,29
2023-05-11,53,47,47,2645,85,34,8,79,28
2023-05-12,23,21,47,2619,82,33,10,72,29
2023-05-13,31,29,39,2669,91,34,17,80,27
2023-05-14,19,17,24,2470,94,34,20,67,28
2023-05-15,27,25,26,2446,86,33,7,71,27
2023-05-16,35,33,32,2314,45,19,20,69,28
2023-05-17,50,47,14,2077,17,4,38,70,28
2023-05-18,58,57,24,2134,17,3,55,72,27
2023-05-19,60,67,20,2182,16,3,65,74,27
2023-05-20,55,53,18,2179,15,3,67,76,28
2023-05-21,52,50,19,2227,14,4,60,81,27
2023-05-22,53,52,16,2278,13,4,63,81,26
2023-05-23,55,52,18,2324,13,5,56,76,28
2023-05-24,68,64,15,2233,12,4,52,74,28
2023-05-25,46,45,14,2252,11,4,52,76,27
2023-05-26,57,55,17,2319,11,5,52,76,28
2023-05-27,83,80,21,2400,11,4,56,79,27
2023-05-28,57,54,22,2359,10,5,45,77,28
2023-05-29,74,71,27,2535,10,5,52,79,27
2023-05-30,52,50,17,2300,10,3,51,75,27
2023-05-31,43,40,16,2237,10,4,46,70,28
2023-06-01,40,38,14,2149,9,3,36,69,28
2023-06-02,63,60,17,2252,10,2,50,72,28
2023-06-03,77,74,19,2281,9,3,50,78,28
2023-06-04,35,33,15,2207,9,3,39,82,26
2023-06-05,34,33,15,2268,9,4,41,82,26
2023-06-06,23,21,14,2257,9,4,43,85,25
2023-06-07,27,26,11,2189,9,4,33,80,27
2023-06-08,31,28,15,2243,9,4,41,77,27
2023-06-09,44,42,19,2290,9,4,45,74,28
2023-06-10,44,41,15,2183,9,4,36,75,28
2023-06-11,60,57,23,2347,9,5,46,70,28
2023-06-12,44,42,16,2187,8,4,35,72,28
2023-06-13,51,49,18,2212,8,4,41,76,28
2023-06-14,42,40,19,2314,9,4,49,84,26
2023-06-15,53,51,17,2290,8,4,44,77,27
2023-06-16,51,48,62,2384,8,11,44,91,24
2023-06-17,38,36,170,2367,5,32,43,80,26
2023-06-18,43,41,170,2361,6,31,42,79,27
2023-06-19,17,16,167,2139,4,30,42,89,25
2023-06-20,26,25,164,2114,4,30,41,74,28
2023-06-21,38,36,167,2292,5,31,40,84,26
2023-06-22,47,45,165,2180,5,32,40,82,27
2023-06-23,46,44,165,2145,4,31,39,83,27
2023-06-24,37,36,164,2106,4,31,38,81,27
2023-06-25,29,28,163,2142,4,31,38,84,26
2023-06-26,25,24,163,2047,4,31,37,73,27
2023-06-27,18,17,164,2032,4,30,36,77,26
2023-06-28,16,15,165,1967,3,29,36,74,27
2023-06-29,14,14,164,1944,4,28,35,81,26
2023-06-30,27,26,165,1985,4,28,34,75,27
2023-07-01,34,33,164,2071,5,29,34,79,27
2023-07-02,26,25,163,2008,4,28,33,73,27
2023-07-03,37,35,165,2039,4,28,33,71,27
2023-07-04,40,38,162,1991,4,28,32,72,27
2023-07-05,38,36,163,2081,4,29,31,76,27
2023-07-06,38,36,167,2163,4,30,31,87,25
2023-07-07,26,24,167,2092,4,29,30,86,24
2023-07-08,15,14,166,2079,3,30,29,84,25
2023-07-09,22,21,164,2145,4,31,29,79,27
2023-07-10,34,33,165,2155,5,31,28,74,27
2023-07-11,48,46,165,2107,5,30,27,71,27
2023-07-12,67,64,166,2138,5,31,27,76,27
2023-07-13,41,40,163,1994,5,29,26,71,27
2023-07-14,19,18,165,1949,5,29,25,75,27
2023-07-15,28,27,166,1952,4,30,25,73,27
2023-07-16,19,18,165,1947,4,30,24,71,27
2023-07-17,43,42,166,2006,4,30,23,69,28
2023-07-18,44,42,163,2066,4,30,23,67,27
2023-07-19,33,31,161,1966,4,29,22,65,27
2023-07-20,40,38,164,1997,3,29,21,59,27
2023-07-21,43,41,164,2020,4,29,21,67,27
2023-07-22,59,56,165,2041,5,29,20,68,27
2023-07-23,72,70,167,2232,5,31,19,71,27
2023-07-24,69,66,166,2100,5,30,19,76,27
2023-07-25,87,84,167,2124,4,30,18,76,26
2023-07-26,70,67,165,2060,5,30,17,71,27
2023-07-27,62,59,119,2060,9,21,17,76,26
2023-07-28,36,35,87,2060,12,16,16,80,24
2023-07-31,54,48,100,2155,45,15,16,64,28
2023-08-01,41,38,107,2161,43,14,16,67,27
2023-08-02,68,64,111,2252,45,17,15,75,27
2023-08-03,49,48,109,2160,44,14,14,76,27
2023-08-04,47,46,108,2094,45,14,14,72,28
2023-08-05,49,48,109,2135,45,15,13,68,28
2023-08-06,62,61,133,2344,62,17,13,77,25
2023-08-07,96,93,172,2045,36,45,13,73,28
2023-08-08,62,60,176,2038,36,52,14,78,27
2023-08-09,51,49,177,1945,36,53,14,75,27
2023-08-10,61,59,177,1911,36,47,15,72,27
2023-08-11,61,60,178,1941,36,49,16,72,27
2023-08-12,62,60,178,1905,36,46,17,68,27
2023-08-13,49,48,179,1853,36,44,18,67,27
2023-08-14,48,48,179,1821,36,43,19,66,27
2023-08-15,59,59,179,1861,36,43,20,65,28
2023-08-16,39,39,179,1818,36,41,21,63,27
2023-08-17,34,35,179,1786,36,40,22,66,27
2023-08-18,40,41,178,1813,35,39,22,68,27
2023-08-19,52,55,178,1863,35,41,23,68,27
2023-08-20,53,56,179,1850,35,43,24,73,27
2023-08-21,55,55,173,1826,35,43,25,69,27
2023-08-22,52,53,108,1953,4,43,25,61,29
2023-08-23,49,52,52,1547,26,25,16,68,27
2023-08-24,61,61,75,1152,62,7,10,69,28
2023-08-25,74,74,71,1152,60,7,9,72,28
2023-08-26,61,62,46,1150,58,7,9,71,28
2023-08-27,51,51,48,1150,55,7,8,77,26
2023-08-28,52,53,37,1147,44,7,7,75,26
2023-08-29,53,54,45,1149,48,7,8,68,27
2023-08-30,56,58,56,1150,49,7,8,67,27
2023-08-31,62,63,69,1150,46,7,8,65,27
2023-09-01,58,59,42,1149,44,7,7,67,27
2023-09-02,49,49,44,1148,45,7,7,65,27
2023-09-03,38,37,33,1147,39,7,6,61,27
2023-09-04,32,32,29,1147,36,7,6,58,27
2023-09-05,39,39,45,1148,37,7,6,61,27
2023-09-06,40,40,47,1148,39,7,6,62,28
2023-09-07,49,51,56,1149,42,7,6,68,28
2023-09-08,42,44,47,1149,39,7,6,71,27
2023-09-09,45,46,40,1150,42,7,5,68,27
2023-09-10,38,39,21,1147,35,7,5,65,27
2023-09-11,31,31,33,1147,34,7,5,64,27
2023-09-12,29,32,31,1148,35,7,6,63,28
2023-09-13,37,39,35,1147,36,7,5,65,28
2023-09-14,28,29,30,1147,33,7,5,64,27
2023-09-15,37,40,17,1126,30,8,17,70,26
2023-09-16,40,42,8,1082,6,10,40,67,28
2023-09-17,34,37,6,1082,4,10,40,71,28
2023-09-18,31,33,5,1082,3,10,40,70,28
2023-09-19,51,58,37,1133,30,10,7,76,27
2023-09-20,40,31,46,1148,46,10,2,74,27
2023-09-21,38,39,55,1148,46,10,3,69,28
2023-09-22,20,20,35,1147,44,10,2,58,28
2023-09-23,31,31,25,1146,42,10,3,61,28
2023-09-24,30,33,27,1146,43,10,3,67,27
2023-09-25,26,31,23,1146,41,10,2,64,28
2023-09-26,27,29,28,1146,43,10,3,60,29
2023-09-27,28,32,38,1147,43,10,2,59,28
2023-09-28,30,32,34,1146,43,10,3,58,29
2023-09-29,41,44,68,1148,47,10,3,57,29
2023-09-30,50,61,69,1148,48,10,3,70,28
2023-10-01,46,58,76,1148,43,10,2,73,27
2023-10-02,20,23,31,1141,46,10,3,63,28
2023-10-03,26,27,3,1162,43,10,17,63,28
2023-10-04,39,43,7,1191,30,10,32,67,28
2023-10-05,46,54,9,1245,31,15,34,71,28
2023-10-06,57,73,15,1366,28,15,34,75,27
2023-10-07,57,66,14,1342,28,13,32,69,29
2023-10-08,46,52,17,1336,30,16,35,67,29
2023-10-09,31,37,14,1209,29,12,30,67,29
2023-10-10,43,49,15,1246,30,11,33,68,29
2023-10-11,54,63,15,1297,28,13,31,70,29
2023-10-12,60,70,24,768,33,33,32,75,103
2023-10-13,57,66,33,226,36,54,25,67,29
2023-10-14,45,48,26,184,34,60,22,68,28
2023-10-15,37,39,26,213,32,65,20,64,29
2023-10-16,47,57,34,273,31,71,17,67,29
2023-10-17,47,54,33,274,38,77,14,60,30
2023-10-18,43,46,30,244,38,82,11,60,29
2023-10-19,38,42,75,670,51,79,17,64,29
2023-10-20,39,48,130,1159,72,81,32,73,28
2023-10-21,42,57,137,1259,61,111,32,75,28
2023-10-22,57,68,143,1359,59,153,35,72,28
2023-10-23,57,64,138,1273,59,98,32,67,28
2023-10-24,48,56,135,1196,55,104,28,72,27
2023-10-25,44,55,134,1233,46,121,27,82,26
2023-10-26,39,49,131,1183,50,88,25,76,28
2023-10-27,53,61,131,1164,57,83,26,72,29
2023-10-28,33,36,124,1148,60,63,26,62,30
2023-10-29,32,37,119,1126,68,63,24,62,30
2023-10-30,37,39,121,1127,64,61,25,67,29
2023-10-31,50,61,126,1197,66,76,27,76,28
2023-11-01,38,49,127,1217,60,87,26,80,27
2023-11-02,40,47,128,1193,61,75,23,80,27
2023-11-03,42,54,129,1212,55,104,24,81,27
2023-11-04,46,55,128,1217,51,100,23,84,27
2023-11-05,20,27,126,1210,46,112,21,87,25
2023-11-06,29,38,72,1279,63,71,31,78,28
2023-11-07,44,39,53,1265,56,91,36,72,29
2023-11-08,50,41,39,1106,42,142,27,76,28
2023-11-09,44,37,68,1285,38,68,29,77,28
2023-11-10,44,37,103,1386,47,53,38,74,28
2023-11-11,37,31,98,1364,42,55,37,80,27
2023-11-12,17,14,94,1204,21,44,19,77,27
2023-11-13,31,26,28,473,20,47,32,73,29
2023-11-14,21,18,35,475,57,48,33,85,27
2023-11-15,14,12,25,1280,86,25,35,78,27
2023-11-16,22,18,8,1644,62,1,37,78,27
2023-11-17,64,26,3,1271,65,2,38,81,27
2023-11-18,31,26,2,897,70,2,40,83,27
2023-11-19,25,28,1,524,73,2,41,71,29
2023-11-20,26,22,3,288,68,12,44,72,28
2023-11-21,24,19,18,494,72,82,48,77,28
2023-11-22,21,17,4,300,124,94,46,79,27
2023-11-23,41,35,8,432,141,91,40,79,27
2023-11-24,41,33,13,511,140,87,35,83,27
2023-11-25,21,18,9,440,138,84,29,87,25
2023-11-26,20,17,8,421,136,80,24,80,27
2023-11-27,33,27,9,513,140,77,18,84,26
2023-11-28,26,22,7,422,133,73,13,78,27
2023-11-29,21,17,7,366,128,70,7,78,28
2023-11-30,13,10,7,439,128,72,2,88,26
2023-12-01,22,17,8,541,117,90,1,87,26
2023-12-02,19,16,8,481,115,85,1,78,27
2023-12-03,12,10,5,377,111,74,1,82,27
2023-12-04,14,11,23,479,81,127,1,88,25
2023-12-05,19,15,36,463,56,73,1,79,27
2023-12-06,24,19,36,576,60,11,1,84,26
2023-12-07,24,19,33,484,62,10,1,81,27
2023-12-08,19,16,31,430,61,10,1,80,28
2023-12-09,27,21,32,426,60,10,1,80,27
2023-12-10,29,23,37,571,57,10,1,81,27
2023-12-11,24,19,35,523,58,11,1,80,27
2023-12-12,27,21,31,412,58,9,1,77,28
2023-12-13,29,22,27,292,57,8,1,70,28
2023-12-14,21,17,31,355,56,9,1,67,29
2023-12-15,18,14,29,273,54,8,1,66,29
2023-12-16,21,16,28,237,52,8,1,66,29
2023-12-17,23,18,29,305,53,9,1,70,29
2023-12-18,25,19,28,297,54,9,1,71,29
2023-12-19,15,11,27,239,51,7,1,64,29
2023-12-20,14,11,28,258,48,7,1,56,29
2023-12-21,17,14,31,350,47,7,1,58,28
2023-12-22,32,26,33,384,47,8,1,64,29
2023-12-23,40,31,36,452,48,8,1,64,29
2023-12-24,47,30,35,475,52,9,1,76,27
2023-12-25,44,26,34,456,52,10,1,84,26
2023-12-26,58,35,36,534,53,11,1,82,26
2023-12-27,40,24,35,510,53,11,1,83,26
2023-12-28,43,27,34,449,52,10,1,80,27
2023-12-29,67,37,51,859,54,14,1,86,27
2023-12-30,58,30,46,691,57,12,1,90,26
2023-12-31,33,18,45,593,57,12,1,86,26
2024-01-01,24,16,42,516,55,11,1,81,27
2024-01-02,41,22,42,529,54,11,1,82,27
2024-01-03,36,19,42,570,56,10,1,88,26
2024-01-04,29,15,40,469,54,10,1,86,26
2024-01-05,31,18,42,569,54,11,1,83,26
2024-01-06,37,22,50,698,52,12,1,85,26
2024-01-07,30,17,55,732,51,12,1,90,25
2024-01-08,24,14,45,584,51,11,1,85,25
2024-01-09,11,8,41,471,51,11,1,82,26
2024-01-10,20,13,42,547,53,11,1,87,26
2024-01-11,19,11,42,474,52,9,1,88,25
2024-01-12,29,18,41,498,53,11,1,85,26
2024-01-13,22,16,46,606,53,11,1,82,26
2024-01-14,37,25,52,764,54,13,1,85,26
2024-01-15,25,18,45,555,56,11,1,79,27
2024-01-16,16,11,37,393,56,9,1,78,27
2024-01-17,26,18,42,482,53,8,1,85,26
2024-01-18,9,7,34,315,52,7,1,80,27
2024-01-19,6,4,41,404,51,7,1,90,24
2024-01-20,8,6,32,274,50,5,1,68,28
2024-01-21,15,10,35,334,50,6,1,79,27
2024-01-22,12,8,40,422,49,6,1,75,27
2024-01-23,10,6,36,369,51,7,1,79,27
2024-01-24,9,6,43,449,47,6,1,78,27
2024-01-25,12,13,39,441,48,10,1,75,28
2024-01-26,26,21,41,470,47,9,1,82,27
2024-01-27,37,20,50,720,50,13,1,92,25
2024-01-28,21,11,54,758,49,14,1,92,25
2024-01-29,30,17,53,800,51,13,1,90,25
2024-01-30,38,21,60,790,51,14,1,90,25
2024-01-31,20,11,41,492,50,9,1,89,25
2024-02-01,15,10,41,529,51,11,1,87,25
2024-02-02,18,10,38,421,49,8,1,82,27
2024-02-03,33,18,46,610,50,11,1,91,25
2024-02-04,10,7,46,571,51,9,1,84,26
2024-02-05,33,21,35,420,51,8,1,81,27
2024-02-06,24,15,34,518,52,9,1,88,25
2024-02-07,12,8,41,661,50,12,1,86,25
2024-02-08,13,9,33,485,52,11,1,78,27
2024-02-09,19,14,31,373,53,10,1,75,28
2024-02-12,43,28,18,507,68,25,2,76,29
2024-02-13,51,32,23,545,69,25,3,78,28
2024-02-14,28,17,24,551,69,24,5,84,27
2024-02-15,52,29,37,885,69,28,7,89,26
2024-02-16,53,29,45,1023,69,29,9,90,26
2024-02-17,45,22,32,763,68,26,10,90,25
2024-02-18,34,20,30,729,67,27,12,89,25
2024-02-19,39,24,31,786,67,28,14,84,27
2024-02-20,39,22,26,637,66,25,17,85,27
2024-02-21,24,20,23,570,65,24,26,85,26
2024-02-22,8,17,24,543,65,24,27,78,28
2024-02-23,17,12,18,340,65,23,13,74,29
2024-02-24,31,24,23,500,65,25,31,80,28
2024-02-25,27,17,21,446,65,24,24,84,27
2024-02-26,26,16,34,628,79,22,28,82,27
2024-02-27,16,24,61,708,43,35,9,86,26
2024-02-28,34,48,56,697,23,43,12,87,26
2024-02-29,28,44,69,972,17,43,27,91,24
2024-03-01,16,21,62,895,13,43,21,84,26
2024-03-02,15,17,57,787,10,43,2,93,24
2024-03-04,6,6,33,370,6,15,1,76,28
2024-03-05,13,14,1,552,5,16,4,82,27
2024-03-06,11,13,1,592,5,16,9,83,27
2024-03-07,8,10,1,595,4,16,8,85,27
2024-03-08,4,3,1,430,3,15,4,85,26
2024-03-09,13,13,6,603,2,17,18,90,25
2024-03-10,24,24,6,974,1,19,24,86,26
2024-03-11,24,25,2,635,2,18,13,89,26
2024-03-12,22,22,3,581,4,18,17,83,26
2024-03-13,26,27,2,692,5,17,15,90,25
2024-03-14,18,18,1,492,7,15,9,91,25
2024-03-15,7,7,2,343,9,15,8,87,25
2024-03-16,7,7,1,373,11,15,3,88,25
2024-03-17,9,9,1,377,13,15,1,91,24
2024-03-18,7,7,1,292,15,15,1,78,27
2024-03-19,6,5,1,281,17,15,1,72,28
2024-03-20,8,8,1,242,19,15,1,69,28
2024-03-21,21,22,1,305,20,15,1,74,28
2024-03-22,36,37,2,500,22,16,4,79,27
2024-03-23,44,45,2,648,24,17,9,77,28
2024-03-24,42,43,2,574,26,16,5,86,27
2024-03-25,28,29,3,617,28,17,2,89,26
2024-03-26,25,26,1,469,30,16,1,84,27
2024-03-27,32,34,2,608,32,16,5,91,25
2024-03-28,30,31,13,808,33,17,3,83,26
2024-03-29,26,27,1,416,35,16,1,84,26
2024-03-30,28,28,7,568,37,17,2,88,26
2024-03-31,30,31,12,741,39,17,5,87,27
2024-04-01,40,42,19,840,41,18,3,86,26
2024-04-02,38,40,2,482,43,15,1,85,27
2024-04-03,22,24,82,943,49,20,2,93,25
2024-04-04,28,30,113,943,56,22,3,82,28
2024-04-05,36,40,99,2185,51,21,4,81,27
2024-04-06,32,36,87,1641,53,21,6,78,28
2024-04-07,28,29,87,1692,53,22,7,73,29
2024-04-08,18,19,82,1650,50,21,4,74,28
2024-04-09,24,26,87,1773,49,22,4,76,28
2024-04-10,18,19,86,1765,49,21,6,77,28
2024-04-11,16,16,73,1556,48,21,9,79,28
2024-04-12,22,24,89,1744,50,23,9,90,26
2024-04-13,16,18,78,1544,48,21,6,81,28
2024-04-14,13,14,93,1827,46,24,2,88,26
2024-04-15,16,18,90,1684,49,24,4,82,28
2024-04-16,29,33,90,1837,51,24,6,81,28
2024-04-17,27,32,59,1820,38,30,7,88,26
2024-04-18,15,16,1,1501,9,35,9,83,27
2024-04-19,20,22,11,1649,9,35,10,81,27
2024-04-22,22,23,73,1547,1,12,10,76,29
2024-04-23,32,34,89,1729,2,13,10,89,26
2024-04-24,41,42,92,1646,2,14,9,86,27
2024-04-25,29,30,85,1622,2,12,7,89,26
2024-04-26,15,15,83,1661,2,13,8,86,27
2024-04-27,24,24,88,1665,2,14,8,83,27
2024-04-28,13,14,93,2056,3,13,8,85,26
2024-04-29,38,40,34,1524,4,49,8,69,32
2024-04-30,43,45,43,1974,5,49,8,82,28
2024-05-01,51,55,43,1744,4,49,6,89,27
2024-05-02,34,35,45,1647,3,49,7,87,27
2024-05-03,46,48,46,1660,3,49,5,85,27
2024-05-04,36,37,50,1805,3,49,5,86,26
2024-05-05,40,42,36,1504,3,49,5,78,28
2024-05-06,42,44,35,1597,3,49,4,75,28
2024-05-07,58,60,38,1382,4,48,3,72,29
2024-05-08,65,37,51,1480,5,49,2,77,28
2024-05-09,55,1,39,1235,4,49,4,75,28
2024-05-10,63,1,38,1334,5,48,4,76,29
2024-05-11,45,1,38,1444,5,48,6,78,29
2024-05-12,36,1,35,1433,4,48,4,75,29
2024-05-13,44,1,37,1417,4,48,7,78,28
2024-05-14,45,1,42,1601,4,49,5,84,27
2024-05-15,58,1,40,1396,4,49,3,75,29
2024-05-16,57,1,36,1395,4,49,2,85,27
2024-05-17,57,1,38,1565,2,49,4,83,27
2024-05-18,43,1,31,1386,3,49,5,80,28
2024-05-19,45,1,37,1441,3,49,4,83,27
2024-05-20,53,1,35,1215,3,49,3,79,28
2024-05-21,63,16,7,1083,42,55,104,82,30
2024-05-22,76,20,7,809,33,40,202,69,24
2024-05-23,53,56,9,397,20,44,295,64,30
2024-05-24,39,18,3,1181,58,42,361,93,28
2024-05-25,67,43,7,1106,17,30,464,90,25
2024-05-26,32,32,1,710,45,41,471,69,24
2024-05-27,45,40,4,951,47,32,449,78,31
2024-05-28,63,58,4,343,49,42,146,91,26
2024-05-29,43,48,5,808,29,12,454,60,26
2024-05-30,47,24,7,400,44,27,410,64,24
2024-05-31,35,50,7,323,57,34,407,63,30
2024-06-01,35,28,4,386,34,51,243,75,25
2024-06-02,48,45,7,525,44,40,368,83,32
2024-06-03,77,29,3,663,34,12,469,75,26
2024-06-04,60,22,6,548,38,49,223,61,25
2024-06-05,64,28,2,970,27,55,205,87,26
2024-06-06,48,37,9,859,55,33,257,91,28
2024-06-07,27,54,5,963,27,59,246,86,30
2024-06-08,46,35,6,1154,11,41,244,79,28
2024-06-09,77,30,4,1131,44,56,219,83,26
2024-06-10,26,59,7,602,25,31,418,71,31
2024-06-11,48,32,9,545,50,32,374,94,31
2024-06-12,68,38,7,1162,45,11,191,92,28
2024-06-13,54,40,1,710,42,36,157,92,31
2024-06-14,62,39,1,346,13,51,445,71,26
2024-06-15,26,59,9,347,42,11,328,62,24
2024-06-16,45,55,9,1063,23,35,216,60,28
2024-06-17,57,43,4,910,30,26,417,92,32
2024-06-18,36,29,9,1019,57,49,378,69,32
2024-06-19,46,59,3,688,29,42,226,88,23
2024-06-20,68,15,7,1128,17,18,492,72,30
2024-06-21,49,39,6,1135,16,52,495,71,31
2024-06-22,73,21,8,839,12,57,228,90,31
2024-06-23,51,23,9,750,26,48,157,61,22
2024-06-24,66,38,5,537,42,38,221,94,27
2024-06-25,52,15,1,1071,57,51,100,82,28
2024-06-26,40,58,3,840,21,35,338,76,29
2024-06-27,39,22,8,978,31,44,389,85,31
2024-06-28,71,38,6,1187,31,59,195,67,30
2024-06-29,75,25,8,1152,55,34,225,88,23
2024-06-30,68,31,9,672,39,33,217,85,32
2024-07-01,79,22,4,1145,47,22,147,69,31
2024-07-02,76,49,1,350,47,16,188,85,23
2024-07-03,27,49,1,614,54,45,336,93,26
2024-07-04,61,47,4,1189,17,54,472,66,26
2024-07-05,75,19,7,497,36,29,484,63,27
2024-07-06,31,56,2,810,36,10,371,70,24
2024-07-07,45,53,3,462,43,17,288,88,29
2024-07-08,33,55,1,963,30,55,291,84,22
2024-07-09,63,42,5,343,39,25,168,80,27
2024-07-10,42,21,1,545,42,23,377,69,25
2024-07-11,28,23,8,823,37,21,448,68,22
2024-07-12,49,22,1,771,56,32,346,83,28
2024-07-13,38,26,1,1080,42,24,175,94,30
2024-07-14,74,48,2,201,14,37,253,94,25
2024-07-15,33,47,2,1096,57,43,243,77,25
2024-07-16,50,37,6,503,28,11,185,91,27
2024-07-17,77,38,7,453,13,41,284,83,24
2024-07-18,26,51,5,851,44,32,384,82,27
2024-07-19,44,49,1,652,58,31,319,91,28
2024-07-20,52,58,1,236,26,34,168,71,32
2024-07-21,71,54,3,359,53,31,146,72,31
2024-07-22,31,36,2,208,37,31,193,82,31
2024-07-23,68,41,5,432,39,58,337,84,24
2024-07-24,32,49,6,298,38,51,303,94,28
2024-07-25,71,15,7,858,55,15,499,89,24
2024-07-26,59,49,4,1015,15,24,317,76,23
2024-07-27,38,51,7,407,44,52,440,79,31
2024-07-28,41,28,8,330,50,46,138,84,25
2024-07-29,60,17,1,603,46,42,199,81,29
2024-07-30,74,15,6,351,33,17,388,72,30
2024-07-31,64,19,8,253,38,53,353,78,28
2024-08-01,28,40,5,319,58,53,321,71,22
